{
    "metadata": {
      "name": "AkayTruyen",
      "author": "longvuu",
      "version": 6,
      "source": "https://akaytruyen.com/",
      "regexp": "^https?://(www\\.)?akaytruyen\\.com/",
      "description": "Akaytruyen.com là web đọc truyện chính chủ duy nhất của tác giả AkayHau.",
      "locale": "vi_VN",
      "type": "novel"
    },
    "script": {
      "home": "home.js",
      "detail": "detail.js",
      "toc": "toc.js",
      "chap": "chap.js"
    }
  }