{
    "metadata": {
      "name": "69shuba",
      "author": "longvuu",
      "version": 3,
      "source": "https://www.69shuba.com/",
      "regexp": "^https?://(www\\.)?69shuba\\.com/",
      "description": "https://www.69shuba.com/ trang truyện tiếng Trung",
      "locale": "zh_CN",
      "type": "chinese_novel",
      "encrypt": true
    },
    "script": {
      "home": "home.js",
      "detail": "detail.js",
      "toc": "toc.js",
      "chap": "chap.js",
      "genre":"genre.js"
    }
  }